{"name":"build-javascript","namedChunkGroups":{"polyfill":{"name":"polyfill","assets":[{"name":"webpack-runtime-5b6f6849915feb18c967.js","size":5196},{"name":"polyfill-38369f6d9de28b2fed98.js","size":85826}],"filteredAssets":0,"assetsSize":91022,"filteredAuxiliaryAssets":2,"auxiliaryAssetsSize":228407},"app":{"name":"app","assets":[{"name":"webpack-runtime-5b6f6849915feb18c967.js","size":5196},{"name":"framework-e0c404de8d0d585edbee.js","size":129730},{"name":"app-80033071655c9f8998a4.js","size":188309}],"filteredAssets":0,"assetsSize":323235,"filteredAuxiliaryAssets":3,"auxiliaryAssetsSize":1072762},"component---src-pages-404-js":{"name":"component---src-pages-404-js","assets":[{"name":"component---src-pages-404-js-bbfb29e78bbd902e611c.js","size":792}],"filteredAssets":0,"assetsSize":792,"filteredAuxiliaryAssets":1,"auxiliaryAssetsSize":1875},"component---src-pages-index-tsx":{"name":"component---src-pages-index-tsx","assets":[{"name":"styles.bb05a30aba0966ce58ab.css","size":29342},{"name":"component---src-pages-index-tsx-9c21a60c0d7629e7a2f0.js","size":170109}],"filteredAssets":0,"assetsSize":199451,"filteredAuxiliaryAssets":4,"auxiliaryAssetsSize":470093}},"assetsByChunkName":{"polyfill":["webpack-runtime-5b6f6849915feb18c967.js","polyfill-38369f6d9de28b2fed98.js"],"app":["webpack-runtime-5b6f6849915feb18c967.js","framework-e0c404de8d0d585edbee.js","app-80033071655c9f8998a4.js"],"component---src-pages-404-js":["component---src-pages-404-js-bbfb29e78bbd902e611c.js"],"component---src-pages-index-tsx":["styles.bb05a30aba0966ce58ab.css","component---src-pages-index-tsx-9c21a60c0d7629e7a2f0.js"]},"childAssetsByChunkName":{}}